{
  "interactionModel": {
    "languageModel": {
      "intents": [
        {
          "name": "AMAZON.CancelIntent",
          "samples": []
        },
        {
          "name": "AMAZON.HelpIntent",
          "samples": []
        },
        {
          "name": "AMAZON.StopIntent",
          "samples": []
        },
        {
          "slots": [],
          "name": "HelloWorldIntent",
          "samples": [
            "hello",
            "how are you",
            "say hi world",
            "say hi",
            "hi",
            "say hello world",
            "say hello"
          ]
        },
        {
          "name": "AMAZON.NavigateHomeIntent",
          "samples": []
        },
        {
          "name": "AMAZON.FallbackIntent",
          "samples": []
        }
      ],
      "types": [
        {
          "values": [
            {
              "name": {
                "synonyms": [
                  "tiny"
                ],
                "value": "small"
              }
            },
            {
              "name": {
                "synonyms": [
                  "regular"
                ],
                "value": "medium"
              }
            },
            {
              "name": {
                "synonyms": [
                  "gigantic",
                  "huge",
                  "big"
                ],
                "value": "large"
              }
            }
          ],
          "name": "size"
        },
        {
          "values": [
            {
              "name": {
                "synonyms": [
                  "lazy",
                  "calm",
                  "chill"
                ],
                "value": "low"
              }
            },
            {
              "name": {
                "synonyms": [
                  "regular"
                ],
                "value": "medium"
              }
            },
            {
              "name": {
                "synonyms": [
                  "hi",
                  "hyper",
                  "excited"
                ],
                "value": "high"
              }
            }
          ],
          "name": "energy"
        },
        {
          "values": [
            {
              "name": {
                "synonyms": [
                  "sweet",
                  "nice",
                  "friendly",
                  "loving"
                ],
                "value": "family"
              }
            },
            {
              "name": {
                "synonyms": [
                  "protector",
                  "jerk",
                  "angry",
                  "mean",
                  "mad",
                  "aggressive"
                ],
                "value": "guard"
              }
            }
          ],
          "name": "temperament"
        },
        {
          "values": [
            {
              "name": {
                "value": "dummy value: literal API return entity"
              }
            }
          ],
          "name": "stringLiteral"
        },
        {
          "values": [
            {
              "name": {
                "value": "dummy"
              }
            }
          ],
          "name": "name"
        }
      ],
      "invocationName": "pet match"
    }
  }
}