{"type":"APLA","version":"0.8","mainTemplate":{"parameters":["payload"],"item":{"type":"Selector","strategy":"randomItem","description":"Change 'type' above to try different Selector Component Types like Sequencer","items":[{"type":"Speech","contentType":"text","content":"Okay, in that case I recommend a ${payload.getRecommendationResult.name}","description":"Expand on 'items' array to add multiple prompts, use response template arguments by adding it to 'content' like this ${payload.input_argument_name} and add SSML by changing 'contentType' to 'SSML' and adding SSML to 'content' <amazon:effect name=\"whispered\">like that</amazon:effect>"}]}}}